1,Roscoe,Yeats,36-5335764,318-49-5751,2,2,,19,42,
2,Melony,Reading,63-5457328,185-86-0308,2,1,,16,32,
3,Cullie,St. Ledger,35-4896533,322-88-7667,3,1,,25,33,496
4,Gerrie,Riep,65-5793964,169-57-6754,2,1,,13,47,
5,Abagail,Carratt,74-8111954,377-35-5770,2,2,,12,41,
6,Rubi,Riatt,22-6593779,314-13-8246,1,1,55603,,,
7,Aggie,Hodgon,95-6591042,472-29-5134,3,2,,22,36,366
8,Sarette,Moorman,91-2336668,861-86-6851,2,2,,15,48,
9,Rex,Maundrell,30-4877926,542-04-5058,2,1,,20,48,
10,Wallis,Letch,08-2153857,295-04-8292,3,2,,20,50,346
11,Edlin,Letcher,26-1002827,661-35-8484,1,2,51225,,,
12,Nananne,MacElharge,22-3150168,220-67-6483,1,1,76434,,,
13,Cass,Cormode,43-5898174,485-77-1892,2,1,,11,33,
14,Griff,Croux,10-1570480,382-10-6147,2,2,,16,37,
15,Britt,Rebanks,75-5277831,821-96-2828,2,1,,17,38,
16,Wilhelmine,MacDonald,50-6775630,369-71-2413,3,2,,21,45,402
17,Dwight,Shipway,95-3776197,585-87-9372,1,1,60120,,,
18,Aksel,Lowson,34-7072913,823-59-2372,1,1,73010,,,
19,Ami,Cruddas,06-3199567,668-68-0135,2,2,,14,33,
20,Alfy,McWhannel,81-5472746,453-28-8513,2,1,,15,42,
21,Ernesta,Schubuser,91-3386379,445-87-0527,3,2,,27,47,124
22,Wilmar,Guiden,22-1797646,622-23-4724,2,1,,11,31,
23,Massimo,Tsarovic,55-0117364,800-79-4847,2,2,,11,39,
24,Yul,Blackmoor,24-8150602,335-78-8280,2,2,,15,38,
25,Kerstin,Piggin,82-9662314,394-97-1338,1,1,53130,,,
26,Emalia,Bradnam,50-5587396,879-60-8103,2,2,,12,37,
27,Sal,Louis,05-8025537,792-74-0776,1,2,56148,,,
28,Rebecca,Dresser,91-0334937,637-28-5180,1,2,72286,,,
29,Dorena,Snowball,50-3986322,693-05-9520,1,1,57756,,,
30,Edee,Presdee,22-8561426,339-53-2625,2,1,,17,50,
31,Kathryn,Moran,31-7534800,816-79-6358,1,2,68395,,,
32,Lammond,Desport,42-5091319,747-72-5427,3,2,,24,36,247
33,Ursuline,Habden,07-7467852,229-24-5586,1,2,67451,,,
34,Essy,Carbry,86-7842221,555-94-7936,2,1,,10,42,
35,Henrie,Digwood,48-9061555,389-05-0441,3,2,,20,31,276
36,Carree,Mein,46-5383119,271-52-7721,2,2,,12,33,
37,Benedikta,Yakov,94-0590961,448-43-7284,3,2,,29,49,223
38,Kiersten,Simao,03-2560282,370-01-1278,3,1,,26,41,486
39,Andrea,Cahen,75-9611217,585-62-1650,2,2,,17,37,
40,Constantia,Grainger,03-1391871,868-73-2950,3,1,,21,38,297
41,Miran,Canton,59-1720509,497-76-9920,3,1,,27,48,214
42,Illa,Pochet,99-4286342,212-12-7854,3,2,,28,32,190
43,Hester,Redgewell,82-0782104,523-19-5801,1,2,54397,,,
44,Torrie,Lovick,11-0359647,661-15-1693,3,2,,27,46,480
45,Rasla,Noone,68-5867430,376-12-1198,3,2,,28,34,458
46,Dre,Liell,13-8041442,658-06-3734,1,1,71370,,,
47,Roderich,D'Elia,09-2135478,695-58-7761,1,2,68326,,,
48,Jeth,Schulz,15-2133034,391-46-9587,2,1,,12,30,
49,Rhodie,Hullock,84-2416241,514-31-1472,1,2,54439,,,
50,Sashenka,Fardy,78-7114858,195-87-1120,3,1,,29,47,127
51,Dukie,Scafe,00-5273857,409-65-1318,2,2,,12,43,
52,Burch,Proudlock,45-3202573,662-80-5683,3,2,,20,39,375
53,Lucila,Gianni,90-0385843,313-27-8881,1,1,79606,,,
54,Jessica,Dounbare,38-2864910,814-94-1190,3,1,,20,36,158
55,Esme,Tynemouth,06-3012928,646-94-9140,1,2,75495,,,
56,Patin,Hibling,76-2961786,347-48-7485,2,1,,18,47,
57,Clementia,O'Cannon,38-6340613,294-12-7243,3,2,,20,49,331
58,Timoteo,Newiss,43-0855345,845-90-5055,2,2,,11,48,
59,Addie,Bassindale,69-9879203,175-84-7008,2,2,,15,48,
60,Carmita,Swait,24-4833962,210-05-4713,2,2,,10,43,
61,Merilee,Bustard,37-9917113,417-04-8083,1,2,52279,,,
62,Valentina,Ughini,44-3308459,636-94-3033,2,1,,19,33,
63,Berry,Rostern,61-5351070,772-20-5618,3,1,,24,35,294
64,Turner,Barbrick,36-2037119,294-01-7859,2,1,,18,36,
65,Guillema,Szymanzyk,02-0833346,491-49-4548,3,2,,28,38,282
66,Keven,Snowman,41-0331717,620-60-9682,3,1,,21,35,277
67,Kylynn,Loxley,26-0922905,123-30-0093,3,2,,23,46,326
68,Donnie,Lemanu,25-6539454,423-01-2762,2,2,,20,45,
69,Harvey,Garnson,14-0303275,841-11-2302,2,1,,15,45,
70,Wendel,Sainter,66-5752680,171-54-2269,2,2,,12,35,
71,Bailie,Garken,67-0919208,417-24-0089,3,2,,29,34,426
72,Laney,Rotter,10-3886964,867-76-9906,3,1,,27,43,342
73,Tiena,Menat,05-3182102,849-88-0983,3,2,,23,38,425
74,Hazel,Kniveton,56-0319182,624-16-6867,3,2,,21,34,253
75,Coral,Lutwyche,15-7141622,536-04-0331,2,2,,17,46,
76,Cheslie,Karle,58-9385063,432-58-8662,3,1,,23,45,128
77,Donovan,Dursley,75-3386547,469-29-1226,3,1,,23,49,483
78,Brigitte,Croci,01-2815261,801-89-3247,3,2,,27,39,371
79,Diena,Sirl,72-0738306,638-11-8162,3,1,,26,30,443
80,Melonie,Goundrill,95-0699826,363-88-7424,2,1,,13,42,
81,Viki,Konmann,43-8440776,275-32-7984,1,1,53932,,,
82,Chelsy,Loggie,55-8011218,743-13-5635,3,1,,23,46,384
83,Aloysius,Freund,06-1084341,611-11-3162,3,2,,28,41,224
84,Kippie,Lawie,74-3215317,264-38-1990,2,1,,17,45,
85,Constanta,Belk,06-1632121,125-44-2517,3,2,,24,37,379
86,Dewey,Sieve,83-6434408,429-94-5225,2,2,,15,33,
87,Vale,Braemer,55-2048209,565-53-3418,1,1,72579,,,
88,Ailee,Coady,69-4697840,802-46-0782,1,1,68857,,,
89,Addie,O'Dennehy,52-8041954,195-71-1778,2,2,,20,48,
90,Raoul,Willmetts,97-8173135,740-76-3592,2,1,,19,34,
91,Mattias,Doohan,37-3422767,568-13-8595,1,2,58431,,,
92,Andie,Simonich,97-2234581,670-22-1986,2,2,,17,40,
93,Rey,Jeaneau,09-7238643,392-86-4104,3,2,,22,49,246
94,Nanni,Daltry,55-1773830,330-32-6313,1,1,65444,,,
95,Timothee,Danelet,28-0591081,537-28-2487,2,2,,18,35,
96,Gussi,Flaonier,31-7822997,710-59-5297,2,2,,11,33,
97,Carolan,Pass,93-5632036,845-86-1317,3,1,,20,32,260
98,Harley,Gensavage,84-8851167,188-55-0445,1,2,51008,,,
99,Martino,Melendez,53-7432822,403-03-4723,2,2,,19,46,
100,Hildy,Winch,79-9901751,734-78-9173,1,1,69963,,,
101,Barbette,Dursley,27-0046997,282-08-6027,1,2,72951,,,
102,Alica,Loughton,46-0217849,803-60-0134,2,1,,15,37,
103,Jerald,Verrico,42-6575059,723-24-4206,3,1,,25,46,388
104,Eba,Jarmaine,51-1609774,400-66-6880,3,1,,29,42,483
105,Cassie,Sabates,63-2718670,572-67-8537,1,1,71539,,,
106,Cozmo,Pettiford,42-6730551,634-16-5859,3,2,,21,32,387
107,Peyter,Eddins,41-6222466,567-48-5462,3,2,,27,49,106
108,Drona,Cammoile,76-3182503,410-28-0767,3,2,,29,40,149
109,Mireille,Mottini,00-6844622,257-67-9684,3,2,,27,40,225
110,Isa,Glanert,87-4847611,310-13-7240,1,1,76692,,,
111,Elijah,Banthorpe,58-7932694,112-37-5072,1,1,68460,,,
112,Ailyn,Kneafsey,48-4959043,588-32-4663,3,1,,20,44,283
113,Roselia,Anscott,77-6090778,404-72-2940,3,2,,23,33,136
114,Lauralee,Gisbourn,73-6493057,824-62-0877,3,1,,28,38,492
115,Kip,Eykel,07-1032290,896-88-3739,1,1,79612,,,
116,Maurits,Moreno,48-0500543,384-64-2001,2,2,,12,46,
117,Fawne,Rampling,13-3519520,136-26-8868,1,2,61166,,,
118,Joanne,Buckmaster,80-4634237,364-34-9916,2,1,,16,45,
119,Rene,Kaesmakers,08-3584369,679-56-7764,1,1,72831,,,
120,Berthe,Cutbirth,68-1897398,801-44-2810,3,2,,25,32,478
121,Drucill,Odeson,93-7008803,121-93-0220,2,1,,17,45,
122,Frances,Drinkale,18-6344903,633-35-9760,3,2,,28,44,286
123,Donny,Olden,53-3425586,361-85-9448,1,1,64403,,,
124,Karol,Campbell,73-1454856,575-41-1457,2,2,,20,49,
125,Joellyn,Gerb,72-4427107,848-86-8224,2,1,,20,39,
126,Bryce,Lehrmann,86-2892980,810-36-6663,1,1,51733,,,
127,Laird,Niland,33-0525380,564-51-0144,3,2,,26,33,475
128,Georgie,Rowan,25-6212741,798-02-6441,2,1,,12,32,
129,Arlin,Rome,91-5116073,711-73-3453,3,1,,25,47,301
130,Sibylle,McCromley,09-8672575,241-85-9075,1,2,65596,,,
131,Royce,Fyrth,89-5655139,374-32-8921,3,2,,27,44,330
132,Morena,Braybrooke,42-2627273,552-99-0544,2,2,,10,49,
133,Sebastiano,McErlaine,86-3574088,248-37-1613,2,1,,12,49,
134,Shurlocke,Binley,96-0537443,205-26-5661,1,1,64886,,,
135,Mildred,Casone,19-1206246,198-49-8284,1,1,75523,,,
136,Godfrey,Bursnell,64-1923248,800-54-8363,1,2,56004,,,
137,Renell,Napper,47-0552698,742-87-2337,3,1,,24,42,443
138,Thornie,Newlands,36-7862796,290-44-1229,3,1,,29,40,415
139,Dante,Hessentaler,00-5880486,891-95-6059,3,2,,27,43,469
140,Patsy,Shelliday,34-6368890,675-74-6155,1,1,79807,,,
141,Lynnea,Stinson,38-8887796,289-75-0655,2,1,,14,32,
142,Bobbie,Oppie,55-0285608,244-73-0487,2,2,,19,42,
143,Shanon,Fassam,78-9543431,606-66-1631,2,1,,15,45,
144,Ashton,Caplan,85-6969796,190-83-0152,2,2,,12,42,
145,Fitz,Halshaw,32-5805045,777-85-4420,2,1,,10,50,
146,Bettye,Pallent,16-1731234,297-81-4305,1,2,66845,,,
147,Adriana,Theakston,98-4806606,252-97-8378,3,1,,25,44,172
148,Becky,Rikard,74-6986236,880-06-7703,3,1,,24,30,261
149,Sid,Bowgen,35-9018391,834-52-5792,3,1,,23,42,286
150,Romain,Doran,34-7049336,310-39-3486,2,2,,16,46,
151,Hunt,Batterbee,72-2350530,205-83-8545,3,1,,21,35,446
152,Mar,Guiet,00-7704155,293-44-9023,1,2,66835,,,
153,Ozzy,Laweles,88-0317531,638-89-4967,2,1,,10,45,
154,Prudence,Felten,84-1579892,781-09-6537,3,1,,26,41,439
155,Desmond,Wollard,44-5918328,299-72-2859,1,2,66079,,,
156,Ray,Klasen,04-1066417,497-11-1960,1,2,71127,,,
157,Adan,Sallnow,94-2513213,840-78-1781,2,2,,11,45,
158,Dorthea,McManamen,15-5695682,233-57-4979,3,1,,23,36,353
159,Layne,O'Donnell,43-9834930,592-67-8520,3,2,,30,47,402
160,Cobb,Huggen,72-0087563,316-60-1047,3,2,,21,48,255
161,Dotti,Gorwood,75-5645773,854-02-1472,2,2,,16,37,
162,Siobhan,Pelchat,15-6980072,891-72-6985,3,2,,29,44,137
163,Blinny,Rosenshine,01-7020886,382-10-4994,2,1,,19,31,
164,Latrina,Fanshawe,64-1501925,231-33-8615,1,1,51669,,,
165,Hagan,Vaskin,80-1956589,752-74-1191,2,1,,16,35,
166,Orv,Liger,24-3226443,434-44-9120,3,2,,24,36,387
167,Trevar,Schutter,08-6850048,806-73-7980,3,2,,23,50,401
168,Deborah,Sibbs,21-9791044,210-80-2327,2,1,,16,35,
169,Oby,Grigson,56-3392431,177-25-9404,1,1,66459,,,
170,Sheryl,Battison,88-1920939,540-05-6298,1,2,61032,,,
171,Ricca,MacLardie,65-3787701,316-10-9172,1,2,77684,,,
172,Rainer,Dreakin,00-9076743,134-99-0206,2,1,,19,45,
173,Odette,Paschek,51-0464381,194-71-5986,3,1,,30,42,219
174,Legra,Ciric,96-5013269,229-42-7301,2,1,,20,36,
175,Wynne,Wintour,32-5112073,229-74-8039,1,2,68247,,,
176,Gale,Crowcher,21-2151784,155-95-7773,1,2,78412,,,
177,Jessika,Ivanisov,94-8988377,879-66-2309,2,2,,17,37,
178,Norine,Crasford,58-4892486,164-30-1482,3,1,,20,48,330
179,Audrie,Hayth,45-6337274,567-23-3617,3,2,,23,45,479
180,Clarie,Markwick,68-2317686,612-90-2446,1,1,51661,,,
181,Whit,Yallop,60-3981781,851-36-9066,3,1,,21,42,381
182,Ashleigh,Gaffey,11-7695901,172-57-4246,1,1,68491,,,
183,Boy,Hendrix,25-9784094,380-64-2873,2,1,,16,43,
184,Melania,Tuxill,15-6935139,863-74-1090,3,1,,23,31,223
185,Ingunna,Dutnall,73-6469569,777-44-6165,3,2,,22,37,482
186,Isidro,Fetters,69-8770988,426-19-3182,1,2,72645,,,
187,Huberto,Jakubovitch,16-5166534,223-13-7588,1,2,76649,,,
188,Kaile,Maving,22-4949102,898-58-6594,1,2,60410,,,
189,Jaime,Baszkiewicz,54-4015838,413-29-0129,2,2,,12,42,
190,Jenelle,MacTrustam,43-3871729,575-15-2686,3,1,,25,43,329
191,Anna,Pigden,82-5530162,844-88-5055,1,2,79917,,,
192,Rochette,Smeuin,65-7535609,302-15-8285,1,1,78594,,,
193,Kaela,Reisen,32-3272644,257-66-2221,1,1,67101,,,
194,Jacintha,Brumpton,95-6175721,528-36-9165,2,1,,18,43,
195,Celinda,Albertson,91-4031578,440-67-4801,3,2,,29,40,337
196,Abbi,Tweed,74-6860286,362-91-5573,3,1,,27,37,173
197,Tracey,Polly,25-1373043,270-73-3142,1,1,72986,,,
198,Yorgo,Roulston,45-4723980,264-88-8491,3,2,,21,31,372
199,Cecilius,Friedank,39-7047883,672-48-2530,3,1,,22,40,232
200,Alexandrina,Starten,38-8842197,237-99-2229,3,2,,29,30,229
201,Andras,Arkwright,96-4946851,359-72-6280,3,2,,29,35,445
202,Ozzie,Mateos,00-3569998,518-91-5066,2,2,,13,31,
203,Gerhard,Sandey,59-3508685,440-65-1686,1,1,79408,,,
204,Randolph,Gothup,56-1292419,812-07-1060,1,2,71268,,,
205,Reinhard,Frood,89-9952186,861-46-3111,3,1,,28,35,100
206,Gare,Cheer,87-5291557,157-22-4689,1,2,52385,,,
207,Guglielmo,Crisford,62-9289115,251-38-1111,2,1,,10,46,
208,Jennette,McGraw,89-4888178,899-66-5076,1,1,74347,,,
209,Joachim,Chattell,62-8793641,484-72-2064,2,1,,13,45,
210,Chastity,Howcroft,40-6496522,556-48-4716,2,2,,10,42,
211,Kev,Heavy,68-0411222,175-71-1724,2,2,,13,43,
212,Gram,Simonazzi,97-6289458,858-14-2519,1,1,64033,,,
213,Brigida,Antognozzii,84-9803831,488-57-0419,2,2,,14,42,
214,Maighdiln,Dilkes,59-2892446,275-71-5311,1,1,70816,,,
215,Jereme,Gini,06-1563353,396-73-2344,1,1,70579,,,
216,Elsa,Hanington,75-6648504,580-62-0584,3,1,,24,49,282
217,Evelina,Ormiston,53-3328418,302-15-2901,3,1,,20,45,293
218,Prue,Duddan,11-4618975,740-76-8084,3,2,,24,41,135
219,Sybila,Hilley,78-8112251,382-69-4572,1,1,64932,,,
220,Moina,Brolan,88-8783175,364-63-3990,1,2,53992,,,
221,Gipsy,Reap,65-0486937,478-41-6448,3,2,,30,36,367
222,Vergil,Kellie,31-3949373,628-98-3469,1,2,78497,,,
223,Marchelle,Garnsey,86-6051041,439-43-0826,2,1,,14,47,
224,Georgeanne,Savin,59-8334458,105-58-7845,1,1,67638,,,
225,Jay,Ipsly,37-7862027,668-62-4381,3,2,,22,31,418
226,Merrielle,Kauble,45-7550634,314-38-9755,1,2,76881,,,
227,Roslyn,Billinge,54-9444118,512-85-9402,1,2,79988,,,
228,Brendan,Bamford,51-8057208,220-42-6442,2,2,,18,40,
229,Ynes,Brade,06-5525107,256-71-9890,1,2,57649,,,
230,Henrietta,Feavyour,61-6174778,690-06-3336,3,2,,28,44,286
231,Ellerey,Dominiak,06-4660348,354-98-4985,3,1,,21,47,214
232,Aggie,Madle,41-8513781,717-39-1448,3,2,,30,49,262
233,Neale,Raleston,03-4530126,580-53-2850,1,2,64754,,,
234,Francklin,Cafferty,89-0924476,699-67-3356,1,1,55107,,,
235,Donna,Lightbourn,28-3228909,214-58-2973,1,1,54519,,,
236,Wilbert,Barbera,65-7006397,328-72-6737,3,2,,21,50,343
237,Ragnar,Paliser,00-1825726,709-35-2424,1,2,71157,,,
238,Meredith,Witnall,54-7225452,746-79-7875,1,2,51510,,,
239,Denny,Overlow,65-3417335,295-17-7922,1,2,59973,,,
240,Chadwick,Twitching,69-8186086,411-24-2057,2,2,,12,39,
241,Cacilie,Caren,36-5714450,428-51-8815,1,1,54134,,,
242,Lorenzo,Roff,91-2671119,625-22-8961,3,1,,27,46,237
243,Kris,Jarman,24-4205218,519-36-9437,2,2,,15,37,
244,Sarette,Cumbridge,79-0535766,351-19-2390,2,2,,13,33,
245,Powell,Buesden,85-5422146,109-79-9484,2,1,,20,32,
246,Marya,Grenshields,27-4148511,215-10-1531,3,1,,21,35,130
247,Kath,Brave,56-8887481,725-47-7357,3,1,,26,32,330
248,Ogdan,Ruffle,82-0271370,274-54-0917,1,1,51444,,,
249,Geraldine,Hofton,27-6689267,168-20-6549,2,1,,16,40,
250,Cindie,Maffioni,22-0747965,263-15-3814,3,2,,20,47,189
251,Cordula,Lansdowne,82-1337580,859-77-9011,3,2,,22,49,207
252,Theodor,Sopper,47-3269939,528-94-0663,3,1,,23,41,255
253,Larisa,Banasik,54-5952789,158-38-4080,1,2,69723,,,
254,Levy,Defond,78-2987106,511-16-9315,2,1,,11,39,
255,Dawn,Duligal,25-1064042,571-48-3972,3,1,,28,42,389
256,Dode,Cowser,42-3377175,225-13-5236,2,2,,14,45,
257,Ginger,Sarver,39-6165392,619-06-0655,2,1,,19,31,
258,Wallace,Wear,91-7804117,728-88-4418,1,1,55504,,,
259,Guthry,Leonardi,40-5234534,126-03-6719,2,1,,17,47,
260,Reginald,Alyokhin,19-0213663,659-40-9764,1,1,50744,,,
261,Corrinne,Collihole,86-6406150,855-85-1200,2,2,,19,34,
262,Ab,Colaton,99-7829812,571-49-1314,1,1,73629,,,
263,Glenda,Cuskery,18-4535211,241-58-3685,1,2,58931,,,
264,Marjie,Benasik,56-1663406,594-34-6578,2,1,,15,40,
265,Ely,Parken,10-6634597,475-44-3974,1,1,68575,,,
266,Lilla,Menego,31-4988260,776-28-0903,2,1,,16,41,
267,Ciro,Muzzillo,00-4557745,305-51-6555,2,2,,11,36,
268,Ronny,Coatsworth,62-4026646,169-83-3755,3,2,,20,31,407
269,Cherye,Rann,24-3774563,448-19-0810,1,1,58639,,,
270,Tyrone,Lynnett,64-5212413,560-32-0626,1,1,69677,,,
271,Blinni,Dickie,35-9219615,464-53-9339,2,2,,19,39,
272,Cchaddie,Amys,67-1396448,340-89-7200,2,1,,15,45,
273,Lacee,Barthrop,02-4957357,556-48-2423,2,2,,20,47,
274,Aila,Welford,93-4519358,461-34-1606,1,1,67717,,,
275,Jedd,Blaymires,61-3083206,131-65-1568,3,1,,24,48,133
276,Winifield,Tranfield,88-6990957,224-71-3560,1,2,63196,,,
277,Ian,MacNish,83-0807579,121-69-9260,2,1,,14,48,
278,Baxter,Easum,95-6353534,551-02-6927,3,1,,25,49,299
279,Welby,Giorgeschi,30-4997320,404-14-4541,2,2,,11,32,
280,Bing,Skeels,20-7084599,342-45-0455,1,1,77506,,,
281,Welch,Imort,16-0937997,415-37-4045,1,2,62712,,,
282,Del,Guidera,12-9268976,250-94-9641,3,1,,24,40,156
283,Wildon,Everleigh,12-9983935,184-68-8699,3,2,,25,36,462
284,Erica,Kusick,92-0382202,625-28-7302,2,2,,12,46,
285,Whitney,Sterman,55-8106780,660-57-3348,3,2,,28,36,272
286,Nataline,Skaife,44-9858487,231-57-6177,3,2,,21,38,489
287,Wyatt,Oliphant,10-8961508,565-97-5061,2,2,,16,36,
288,Dari,Meachen,91-7269610,162-62-4977,2,2,,10,44,
289,Julee,O'Meara,23-1673271,333-80-8550,1,2,68889,,,
290,Putnem,Waddingham,25-1926336,308-36-3777,1,1,67670,,,
291,Stuart,Behrendsen,05-7374906,464-01-4351,1,2,70220,,,
292,Willdon,Strewthers,19-8325951,337-28-8522,3,1,,30,33,368
293,Opal,Gillion,17-0125997,285-21-6342,1,1,59744,,,
294,Jack,Gilhouley,02-1569693,678-41-0958,3,2,,29,32,454
295,Cari,Droogan,84-7148608,537-69-5486,2,1,,20,48,
296,Alric,Trounce,90-9702271,356-46-8304,1,2,70245,,,
297,Georgine,Skuce,86-6636652,668-68-4127,1,1,75774,,,
298,Fredek,Verrill,35-4438762,507-80-0919,1,1,59586,,,
299,Ginni,Jouannot,42-4543940,486-35-4546,1,2,68640,,,
300,Hew,Nuton,30-0415061,191-59-3803,2,1,,13,40,
301,Nola,Fitzgerald,25-1902493,891-08-4225,3,1,,27,48,193
302,Bevin,Whitbread,85-3856958,344-56-8749,3,1,,29,44,136
303,Melodie,McElvine,42-0425296,593-50-3307,3,1,,22,50,169
304,Vernen,Wanek,99-3306807,307-20-8776,2,1,,17,42,
305,Baron,Andrea,85-6464225,867-24-8347,3,2,,24,45,378
306,Rustie,Sargeant,30-8490316,534-20-9260,3,1,,28,39,294
307,Miran,Falvey,52-3678569,898-51-0920,3,2,,26,41,199
308,Tori,Dreghorn,67-4422996,522-58-2878,3,1,,21,45,451
309,Virge,Grinaugh,78-9242092,672-05-3280,3,2,,26,43,121
310,Doretta,Hatrick,30-1820666,426-69-7356,3,1,,28,33,367
311,Shaine,McFarlan,07-9993940,196-46-5832,1,1,60523,,,
312,Maribel,Cadding,90-2492533,610-48-2179,3,2,,24,35,319
313,Yuri,Clue,44-7963775,651-43-9347,1,1,65986,,,
314,Erin,Busfield,47-7722062,205-25-0033,3,2,,25,43,309
315,Clementius,Ashmore,92-9167838,360-21-7874,2,1,,19,31,
316,Gris,Franzel,19-2618294,499-54-8844,3,1,,30,36,131
317,Silas,Ruoss,88-3330049,655-47-8935,3,1,,27,45,173
318,Jarred,Gleder,64-7510449,675-42-7472,3,2,,24,50,421
319,Callida,Schoenleiter,02-4576475,131-25-0392,1,1,69010,,,
320,Haskell,De Domenico,76-5994233,604-73-1639,1,2,59920,,,
321,Audre,Noon,60-7744758,576-88-9524,1,2,50744,,,
322,Douglass,Matejovsky,56-7897603,118-77-6017,2,1,,17,34,
323,Evelina,Jerrems,82-6673988,667-82-0376,3,1,,25,32,178
324,Roma,Tofanini,04-5741522,116-17-2779,1,1,57342,,,
325,Rozelle,Hinken,88-7144030,394-96-8361,2,1,,15,43,
326,Emmie,Asquith,58-6118926,677-75-0825,2,2,,20,35,
327,Alison,Humpherson,26-6098999,263-21-4276,3,2,,30,50,481
328,Melania,Cowhig,66-8661785,515-67-5802,3,2,,26,41,315
329,Tabbi,Salaman,76-1169034,486-14-1154,1,1,73978,,,
330,Bradford,Laurent,94-7156519,405-59-5630,3,2,,25,32,209
331,Dru,Baulcombe,90-2308361,416-32-8533,3,2,,20,49,134
332,Valina,Bleasby,47-8174030,708-46-1882,2,2,,12,49,
333,Violetta,Rattry,52-6105986,166-57-2110,3,1,,29,48,141
334,Skye,Knight,91-6207427,697-51-9981,3,1,,21,43,169
335,Robby,Seifert,42-7987811,532-14-4693,2,2,,10,47,
336,Addy,Dracey,54-8994637,182-43-7723,3,2,,23,34,406
337,Kathrine,Matczak,38-0381988,548-63-9477,3,2,,20,41,165
338,Pattie,Nappin,11-7310236,480-15-5924,2,1,,16,45,
339,Radcliffe,Dudman,49-0613790,138-57-8311,2,1,,15,50,
340,Rhys,Kalisz,00-3210962,118-33-5167,3,1,,27,43,211
341,Fidela,Szymonowicz,21-5934368,350-58-1039,1,1,65400,,,
342,Stacy,Fedoronko,40-0532949,845-83-6191,1,2,55802,,,
343,Lev,Arndell,57-3535135,498-88-3047,2,2,,20,33,
344,Curtice,Choppen,73-7242158,233-17-9299,1,2,74788,,,
345,Pavla,Brou,60-9313307,388-48-4922,2,2,,13,38,
346,Marijn,Heaslip,49-2215399,848-57-7020,1,1,51101,,,
347,Esra,Carayol,76-8064663,661-66-1386,1,2,76435,,,
348,Jenn,Clements,81-6435830,132-30-6986,1,2,54978,,,
349,Christian,Faircloth,20-2253022,568-79-6948,3,2,,24,30,431
350,Britta,Coates,50-0041081,189-56-2494,2,1,,20,46,
351,Derril,Chevins,82-9605544,581-24-7562,2,2,,10,39,
352,Che,Malek,90-3956151,251-02-1861,1,1,57172,,,
353,Katrina,Burlingham,58-7815327,769-93-8449,2,2,,16,36,
354,Roseann,Nelsen,06-8612346,229-92-9085,1,2,61252,,,
355,Lillis,O'Neill,64-3671629,878-44-2347,3,1,,24,43,296
356,Clemens,Elms,05-7935248,427-46-9539,2,1,,20,36,
357,Ramsey,Wakeham,40-2803780,219-33-2963,3,2,,23,45,102
358,Flin,Verbrugge,36-5030167,585-35-1740,2,2,,11,31,
359,Dyna,Kee,17-4908786,641-37-8716,1,1,77110,,,
360,Herc,Lipyeat,75-1482194,758-99-3538,2,1,,15,45,
361,Kent,Forrester,57-5611194,747-76-1850,3,2,,29,43,324
362,Quintin,Wallach,54-4566311,224-98-9299,2,2,,13,43,
363,Madison,Ende,19-0485903,768-57-6086,3,2,,21,30,173
364,Frazier,Gillespie,65-8109464,231-53-4785,1,1,78619,,,
365,Cosme,Vivien,09-9782782,297-62-0596,3,1,,24,46,432
366,Josepha,Swynley,78-8488733,415-51-4950,1,2,63075,,,
367,Nikolia,Coviello,57-1009783,353-45-6512,1,2,78238,,,
368,Desmond,Byneth,63-8172965,160-83-2014,3,2,,29,43,343
369,Fancie,Stevenson,91-6349390,364-33-3315,2,1,,18,42,
370,Selby,Measor,76-8155360,771-95-8210,1,1,65476,,,
371,Fanchette,Cruess,73-4802391,112-14-3403,1,2,64822,,,
372,Karalynn,Fernao,52-4887416,481-26-5931,2,1,,13,36,
373,Enriqueta,Grishagin,47-6603881,323-30-6484,3,1,,21,44,288
374,Baillie,Soutar,22-3527422,433-98-2637,1,2,63855,,,
375,Eleanora,Bucknill,58-0465545,244-22-0308,1,1,73558,,,
376,Genevieve,Joontjes,71-9666164,537-12-2688,1,2,70421,,,
377,Natka,Sabey,09-0201414,202-48-4052,1,2,58009,,,
378,Ritchie,Shitliffe,42-3324627,516-76-6219,1,2,70209,,,
379,Rhett,Wells,30-0194289,410-74-9172,3,1,,29,35,207
380,Adele,Dearlove,52-7684226,497-46-4507,2,2,,12,41,
381,De witt,Hodinton,05-7076527,784-38-3059,3,2,,24,41,288
382,Corissa,Shattock,00-4952435,146-87-1881,3,2,,25,42,135
383,Prescott,Heaps,56-0828406,808-68-9160,3,1,,30,33,372
384,Ellette,Radband,19-1873249,840-35-3733,3,1,,26,38,458
385,Roddie,Struthers,86-5574636,162-31-4167,2,1,,16,40,
386,Perren,Rapi,45-9523375,401-83-7443,2,1,,18,45,
387,Parsifal,Govenlock,43-4861460,650-79-2750,1,1,60782,,,
388,Wyndham,Quye,41-4170563,317-38-2919,2,2,,14,41,
389,Giuseppe,Royds,16-2646718,125-62-9455,3,2,,24,45,363
390,Dulce,Ruzek,47-8361932,845-29-4508,3,2,,23,34,469
391,Ofilia,Geaves,91-4463022,301-44-9449,1,1,67688,,,
392,Munroe,Teather,65-4718713,503-22-1446,1,1,75503,,,
393,Ogdon,Duer,39-8902027,747-05-2918,1,1,79963,,,
394,Virginie,Colston,48-1797719,437-32-4175,3,2,,23,31,301
395,Gwenneth,Ketchaside,74-8899177,669-20-5134,1,1,62592,,,
396,Paddie,Smowton,25-9442517,102-13-7804,3,1,,22,40,255
397,Vassily,Tyndall,69-7068279,392-82-5991,3,1,,21,49,314
398,Doris,Brandrick,21-8147297,204-63-7638,1,1,61665,,,
399,Blondy,Tayt,20-7774108,264-83-8164,2,1,,12,38,
400,Devan,Lethibridge,95-6935048,464-92-1538,3,2,,29,49,373
401,Nestor,Adamovich,36-5312135,604-36-8044,2,1,,15,48,
402,Hollie,Ervin,35-0121351,214-71-8103,3,2,,24,48,239
403,Gottfried,Gilligan,74-7530742,526-09-8874,2,1,,10,45,
404,Eal,Thewless,22-1116490,462-32-2519,2,1,,19,38,
405,Noel,McDonald,64-0227543,365-75-6870,3,1,,22,47,340
406,Quentin,Blundel,63-8183044,364-10-5572,2,1,,16,32,
407,Diann,Anmore,85-2072610,478-63-7815,1,1,68350,,,
408,Nicolai,Snalom,18-0627856,199-63-6005,1,2,57408,,,
409,Oren,Keatch,65-1367945,306-58-6911,1,2,53938,,,
410,Anthia,Dudson,35-2088495,369-25-1800,3,2,,23,31,353
411,Dolley,Aldhous,32-8461539,230-27-2166,2,2,,18,46,
412,Brandise,Keuning,62-1010421,160-21-8392,2,1,,11,45,
413,Mord,Tommasi,78-8289924,427-76-2145,3,1,,20,32,100
414,Larry,Ingerson,71-4547558,598-97-1787,3,1,,21,45,316
415,Win,Milella,61-8068152,665-48-3641,3,1,,29,45,157
416,Minnie,Woolvett,25-1125469,196-21-6571,3,2,,24,43,397
417,Jacinta,Goffe,05-9333256,863-74-0696,1,1,74225,,,
418,Bette,Pantecost,28-8913971,514-14-0621,1,2,67095,,,
419,Raymund,Rudge,49-0453182,892-16-4155,1,1,64122,,,
420,Petronilla,MacKim,65-4795877,814-87-9393,3,1,,27,33,342
421,Debra,Halling,23-2506260,237-35-7991,2,1,,20,30,
422,Ethelda,Stenners,94-2959478,305-69-4676,2,1,,18,35,
423,Morrie,O'Garmen,90-0767479,408-38-1505,3,1,,23,38,472
424,Emily,Crammy,18-9927891,526-04-4331,1,2,55864,,,
425,Dirk,Bamfield,63-9880617,800-79-0680,2,1,,19,39,
426,Charmian,Mucklo,63-1863941,258-29-0714,3,1,,25,45,149
427,Linus,Shuttell,28-5622950,804-13-2279,1,2,68111,,,
428,Bell,Wozencroft,65-0282698,417-51-3848,3,2,,26,32,414
429,Mateo,Buggs,18-6290004,285-55-8529,2,1,,10,32,
430,Karna,Lawford,09-0182427,506-36-2223,2,1,,20,43,
431,Carmel,Pendrich,64-2514560,749-31-0456,3,1,,22,37,235
432,Cherilynn,Shackell,32-0089289,153-78-8671,2,1,,12,40,
433,Rosco,Pude,97-2884756,379-49-7112,3,2,,27,34,385
434,Jarrid,De Hoogh,23-2992574,852-22-8446,1,1,68985,,,
435,Annamaria,Clynmans,51-9133406,821-88-9927,2,2,,14,45,
436,Leila,Agget,63-4378100,111-22-3255,1,2,53183,,,
437,Alexina,Rutt,36-9013095,558-47-1673,1,1,60275,,,
438,Ian,Skains,76-9541625,192-92-4888,3,2,,23,32,349
439,Brittany,Squire,32-4868636,115-26-2228,2,1,,20,49,
440,Haven,Sandiford,20-9285059,202-10-3640,2,1,,13,43,
441,Hubie,Van der Daal,66-7891322,213-01-6090,1,2,79634,,,
442,Zared,Walasik,99-0012502,881-82-9911,2,2,,13,31,
443,Gayle,Mathiot,16-7569306,442-37-6627,2,1,,10,34,
444,Inglebert,Guillain,03-0707180,693-19-2744,3,1,,28,49,286
445,Candra,Colqueran,46-8865649,376-53-2128,2,1,,17,44,
446,Moyra,Goulter,36-5209902,606-85-8574,1,1,70032,,,
447,Broderick,Lohmeyer,00-1321946,421-53-0125,3,2,,26,50,268
448,Rosemary,Ryves,76-5867344,635-13-1519,2,1,,12,33,
449,Glyn,Willox,99-8418296,362-09-5359,2,1,,13,37,
450,Clevie,Thomen,60-2687639,739-77-5438,3,1,,30,35,147
451,Emlynn,L'Episcopi,37-2590168,383-86-3195,3,2,,22,31,137
452,Pate,Hamel,28-4056844,182-89-5184,1,2,77445,,,
453,Dorothea,Gomar,47-5582756,480-80-4649,1,2,68663,,,
454,Kimble,Munday,52-1080475,222-71-3959,3,1,,21,46,408
455,Kellie,Caney,94-3372926,233-08-2426,2,1,,12,34,
456,Mariska,Coudray,03-8099939,171-13-3483,2,2,,15,46,
457,Lenci,Crabtree,96-6012015,592-75-2343,3,1,,23,35,414
458,Annalee,Corzon,25-0111357,195-37-9343,2,1,,20,43,
459,Donnie,Everist,68-7146386,210-70-1969,1,1,53367,,,
460,Luce,Brodest,08-5986535,576-87-7554,3,1,,25,48,132
461,Belita,Porkiss,58-1861348,397-77-1294,1,2,52827,,,
462,Pru,Oattes,99-5966559,704-56-3895,1,1,71911,,,
463,Betti,Cressey,57-4099417,486-51-3973,2,1,,19,44,
464,Nestor,Hilley,03-5246690,889-09-3190,2,1,,12,37,
465,Correna,Sisland,69-7878894,645-70-2540,1,2,57561,,,
466,Ced,Will,36-4855133,444-81-4872,2,1,,16,48,
467,Reinaldo,Hasted,46-8596497,476-98-6719,2,1,,13,35,
468,Mandel,Dalgleish,76-4928550,780-50-9130,2,1,,10,43,
469,Oriana,Bungey,95-4267552,487-74-8381,3,1,,29,33,471
470,Levi,Ceyssen,55-6266652,488-36-0003,2,2,,12,39,
471,Marquita,MacNeice,68-1930767,811-97-4254,3,1,,25,46,301
472,Katharine,Thurner,86-1729518,837-37-4516,3,2,,28,48,137
473,Magda,Iglesiaz,56-9390224,465-21-3493,2,1,,11,32,
474,Celinda,Adanez,34-2750055,175-19-8059,1,1,78875,,,
475,Philly,Torrese,36-2822065,500-87-1814,3,2,,27,37,358
476,Kinsley,Owain,36-3898835,103-26-5719,2,1,,19,33,
477,Aubrie,Glazier,36-3134040,198-15-3071,3,2,,22,49,463
478,Marley,Merryfield,52-0179680,407-45-5114,3,1,,21,32,174
479,Jarrad,Poschel,99-8683093,498-76-9539,3,1,,27,45,441
480,Gwendolyn,Habert,38-4279359,614-86-9115,3,2,,28,37,344
481,Miller,Batho,50-9245221,182-55-8894,2,2,,17,30,
482,Raimund,Childrens,67-3979662,704-45-6220,3,2,,29,50,488
483,Vivienne,Girth,23-6903781,391-37-5849,2,1,,16,30,
484,Alexine,Wisniewski,78-7454599,210-33-7500,2,1,,12,35,
485,Melloney,Leguay,54-7381143,577-17-5630,1,2,71070,,,
486,Bradly,Bergeau,41-4518637,617-26-1998,1,1,61569,,,
487,Chelsea,Fearnehough,02-0299557,252-07-3155,2,2,,19,44,
488,Wyatt,Fenelow,43-9144885,673-58-4103,3,2,,22,48,263
489,Brigham,Radbourne,92-6085916,386-88-4691,2,1,,11,45,
490,Katharyn,Biffin,12-6464154,137-68-9799,3,2,,25,48,233
491,Jamey,Ortmann,91-5305734,169-90-5974,2,1,,16,46,
492,Nelli,Layson,68-7788401,481-01-6948,1,1,56652,,,
493,Clement,Williams,53-6589839,561-81-9940,3,2,,23,49,403
494,Perkin,Quartermain,17-0943292,486-48-0859,3,2,,22,36,430
495,Orelee,Augustine,49-9640858,618-89-9752,2,2,,17,34,
496,Neysa,Brennan,45-3275818,880-26-0787,1,1,72342,,,
497,Berkly,Milmo,47-6297712,141-78-3019,2,2,,14,46,
498,Bennett,Betteridge,60-4920246,134-30-2643,2,2,,11,45,
499,Welch,Nutting,23-8862427,894-35-0384,3,1,,29,34,136
500,Shayla,Inkpen,45-1134670,637-49-5825,3,2,,30,36,330
501,Pen,Bonwick,73-1055612,217-35-3709,3,2,,24,30,306
502,Perle,Fearnside,60-6194834,233-63-7189,2,1,,15,36,
503,Maddy,Petrik,51-7414897,219-90-8080,2,1,,17,40,
504,Denyse,Birkin,60-7882933,333-19-0007,3,2,,28,40,226
505,Coletta,Jukubczak,37-2321951,789-42-6520,1,1,62553,,,
506,Worthy,Lackington,00-5733221,276-14-9308,1,2,54177,,,
507,Sydney,Worsell,43-6805082,808-14-9424,2,2,,17,43,
508,Krystyna,Boorne,76-8739949,358-67-3465,1,2,56723,,,
509,Lawry,Chedzoy,49-4063080,799-84-7102,1,2,50901,,,
510,Van,Meriet,77-4189227,522-63-1634,3,2,,21,46,450
511,Jaquelyn,Aberdalgy,69-7144710,546-81-6895,3,1,,23,40,462
512,Joscelin,Pollastrino,58-4787324,807-09-9622,3,1,,28,44,421
513,Allison,Plose,32-5427321,228-59-0100,1,1,73134,,,
514,Harmonie,Cartmael,83-5878140,644-55-3673,3,1,,30,35,224
515,Monty,Ambage,93-0444948,819-98-1635,3,1,,24,44,475
516,Cinda,Mion,96-9209778,177-36-2722,1,2,70568,,,
517,Rowen,Gladtbach,67-3166022,356-87-1371,3,2,,28,43,461
518,Sylvan,Shewon,63-9383221,799-05-5680,1,2,53211,,,
519,Sybilla,Swiffen,76-6624417,890-01-5779,1,1,67444,,,
520,Candida,Jameson,32-3668021,358-18-4340,1,2,68570,,,
521,Tonya,Southerell,62-1396868,255-68-4548,2,2,,11,36,
522,Wynne,Jerzak,73-5493637,673-62-8909,3,2,,20,38,372
523,Cheslie,Doerr,93-7271899,815-76-4969,2,2,,10,35,
524,Euell,Boarleyson,62-7424692,657-66-7471,3,2,,24,40,197
525,Nonie,Shepherd,00-0544606,807-44-6073,1,1,51581,,,
526,Franklin,McNirlin,81-6874400,835-90-5498,2,2,,10,30,
527,Donielle,McArd,50-9783779,332-93-7267,2,1,,16,49,
528,Hailee,Durdle,49-5235028,801-82-6490,3,1,,20,46,366
529,Kalli,Ormistone,23-9569998,150-67-5557,2,1,,20,30,
530,Christoforo,Dantesia,91-0849596,116-05-0882,3,1,,20,34,319
531,Zena,Pesik,60-3342129,470-69-9607,1,1,62980,,,
532,Lynne,Skinn,86-3806605,267-45-9781,2,1,,18,46,
533,Katharyn,Illingsworth,76-9113252,158-82-3600,1,1,51222,,,
534,Oralia,Gambles,37-7483509,157-63-3690,1,2,68622,,,
535,Basil,Swanborrow,62-4151780,543-34-6679,3,1,,20,50,381
536,Nathan,Kohrs,07-2275209,888-23-4423,1,1,61830,,,
537,Rori,Blockey,66-0683309,590-37-8291,1,1,63630,,,
538,Belicia,Mussalli,87-4052453,230-76-4616,3,2,,25,36,347
539,Jacquenette,Dumigan,06-1575771,633-17-3355,3,2,,23,48,431
540,Mohandas,Stairmond,70-6079070,751-54-5348,2,1,,12,42,
541,Claudell,Phillott,00-0055800,499-79-5359,3,1,,24,38,449
542,Lane,Sherry,75-8805253,820-75-1508,1,2,72714,,,
543,Lyndel,Jerred,57-6609767,777-37-2429,1,1,56816,,,
544,Ransom,Abbot,02-0863826,528-81-6479,1,2,75981,,,
545,Agnola,Northedge,79-6369839,730-78-2995,3,2,,29,49,211
546,Bartlet,Wimbury,40-9314539,122-39-9207,1,1,65361,,,
547,Candida,Andriessen,30-7067178,738-58-8337,2,2,,17,31,
548,Othella,Snalum,91-6168468,690-52-1370,1,1,64061,,,
549,Klement,Divisek,63-3919567,501-78-6642,3,1,,20,40,336
550,Edgard,Massie,49-1590686,718-93-6745,1,2,64272,,,
551,Cassaundra,Mosedale,49-3714987,842-61-1778,3,1,,24,44,166
552,Madelina,Claesens,20-7084396,895-82-0309,3,1,,30,34,409
553,Marianne,Aasaf,53-1355341,417-18-7971,1,2,77941,,,
554,Bentley,Dart,30-8636222,691-55-4557,3,1,,28,43,279
555,Waylin,Primett,47-3039732,379-67-7914,1,2,58857,,,
556,Warner,Worsnup,88-2718893,552-03-3207,1,2,57336,,,
557,Caroljean,Mabbott,29-2022920,688-95-0806,1,2,67894,,,
558,Ninette,MacAlees,64-0399542,544-23-8669,2,2,,10,33,
559,Marissa,Phethean,74-1072672,263-75-2369,1,1,79526,,,
560,Forbes,Barrus,43-4090234,315-97-1741,1,1,58110,,,
561,John,Pettican,75-3619325,592-69-8144,1,2,63018,,,
562,Anneliese,Babar,16-3251193,395-03-8651,3,2,,29,45,368
563,Irma,Pollastrino,55-5790845,197-70-4646,1,1,57277,,,
564,Alexandros,Perrat,78-3919538,446-12-2614,3,1,,27,31,213
565,Patin,Casale,47-4144002,505-79-6962,3,1,,30,36,485
566,Biddy,Giamuzzo,98-6617788,448-35-1542,3,1,,26,31,352
567,Gelya,Bowring,68-1986149,179-13-5819,3,1,,22,45,273
568,Mariquilla,Woolston,31-8901363,772-99-8202,3,2,,30,37,493
569,Hamish,Moehler,86-5666406,333-40-3931,2,1,,14,48,
570,Glyn,Mattielli,44-3384377,316-84-2950,3,2,,27,39,332
571,Blondelle,Canto,69-6128899,600-92-9253,3,2,,23,31,108
572,Wait,Snell,66-7263032,123-58-7877,2,1,,19,39,
573,Tuckie,Jolley,75-6018082,248-83-5499,2,1,,18,43,
574,Rozanna,Guilloneau,44-8013750,199-57-0433,3,1,,30,42,242
575,Haroun,Bickerstaffe,51-7883070,840-71-3203,3,2,,21,31,485
576,Conchita,Bierton,66-6246604,464-63-8014,1,1,51923,,,
577,Winnie,Laval,57-6420398,758-35-6557,2,2,,15,36,
578,Gregor,Hallard,06-6469040,866-31-5959,3,1,,20,42,336
579,Keslie,Barry,50-0856157,742-37-7042,2,2,,17,43,
580,Foster,McBain,14-4233815,217-11-5268,2,2,,19,31,
581,Jacky,Enochsson,76-9514538,608-93-0317,2,1,,18,36,
582,Tripp,Heijne,20-1524292,859-54-3224,2,1,,11,45,
583,Ricca,McRill,61-1537870,499-98-3425,3,1,,26,50,272
584,Horatia,Leppington,69-2606072,594-53-4844,2,2,,10,47,
585,Menard,Assiter,53-4519273,648-77-6575,3,1,,25,48,107
586,Bjorn,Goodere,40-9774513,865-91-3307,2,2,,12,41,
587,Dwight,Pettis,14-9151680,549-52-4914,1,2,58064,,,
588,Edan,Morrill,37-6313398,384-98-3142,2,2,,12,36,
589,Wallie,Kachel,71-2499791,878-53-4048,3,1,,29,50,158
590,Brendin,Seckington,51-8809739,328-63-2028,3,1,,23,36,346
591,Orsola,Dericot,80-4147941,301-92-0609,3,1,,23,49,170
592,Jordanna,Jachimczak,30-4908032,797-81-7967,2,2,,16,41,
593,Yovonnda,McCloughlin,35-1334466,514-47-2171,1,2,51172,,,
594,Gladys,Saunter,71-7422338,776-04-5465,1,1,65881,,,
595,Amelia,Madden,17-0377987,701-60-8973,2,1,,19,42,
596,Freemon,Rideout,51-1301941,736-65-8700,1,2,59412,,,
597,Ola,Baroux,55-1502272,554-28-5730,3,1,,28,31,190
598,Giff,Danovich,58-3695823,290-45-7883,1,2,63091,,,
599,Brande,Brasted,81-3732862,449-12-4256,3,2,,28,39,376
600,Bradley,Diffley,35-9705768,218-89-6283,1,2,69069,,,
601,Marget,Edess,76-8052378,300-31-0983,1,1,53789,,,
602,Noelle,Spoor,51-0396867,878-77-7356,3,2,,30,38,423
603,Yovonnda,Gatherer,88-3495340,778-62-3740,2,1,,12,34,
604,Page,Kidney,20-2096994,639-54-1066,2,1,,14,44,
605,Kerrin,Cosstick,11-7960478,785-55-4930,1,1,69442,,,
606,Rebbecca,Melanaphy,67-8217927,897-95-7918,2,2,,16,42,
607,Sylvia,Offer,96-5662246,114-04-2723,3,2,,22,33,218
608,Ferrel,Oughton,98-4806169,820-80-4459,2,2,,17,42,
609,Ebonee,Adel,92-3541896,823-58-7901,1,1,55971,,,
610,Raviv,Joskowitz,49-7779787,239-34-1815,3,2,,27,45,256
611,Teodorico,Fairy,35-4832427,185-75-0248,3,1,,22,48,418
612,Findley,Otterwell,94-2846674,731-25-3436,1,1,70388,,,
613,Craggy,St. Leger,25-6546840,834-33-5342,3,1,,26,34,304
614,Fredrick,Foulks,63-1097284,765-35-8577,2,2,,17,32,
615,Dal,Richardet,95-1895508,143-97-9135,2,1,,16,31,
616,Rae,Dubose,62-9000384,356-18-0899,1,2,62641,,,
617,Lora,Maasz,32-6165274,779-42-4671,1,1,73904,,,
618,Pepita,Bassford,86-4126637,193-57-3920,3,2,,26,40,369
619,Caryl,Badsey,59-0335908,135-66-9380,3,2,,27,35,454
620,John,Coonan,41-0301843,205-78-4967,1,1,70440,,,
621,Cosetta,Hastings,98-3475146,265-06-8406,3,2,,21,40,492
622,Carree,Orpen,98-0947842,599-27-8648,1,2,78723,,,
623,Dominga,Fearnill,38-5172811,744-83-3526,3,1,,20,45,319
624,Chane,O'Duggan,36-0553474,655-57-6536,2,2,,14,32,
625,Hilliary,Cremen,63-9271766,541-10-9406,3,2,,26,48,190
626,Eran,Ziemecki,99-4791956,340-64-5343,3,2,,29,41,361
627,Charyl,Donett,56-2487800,474-45-1192,3,1,,24,31,275
628,Sigrid,Mandifield,23-7864456,874-14-3650,3,1,,28,41,500
629,Marcel,Keble,51-9604890,796-67-1142,2,1,,11,31,
630,Yelena,Headley,11-2347591,541-89-6500,3,1,,27,45,129
631,Kylila,Brydell,83-8134397,130-61-7683,1,1,68818,,,
632,Lizette,Hairyes,60-7426187,871-46-2506,2,1,,14,36,
633,Layla,Millott,51-0968962,234-42-3629,2,1,,10,36,
634,Bertram,Duckham,05-5224213,272-69-3263,3,1,,26,35,144
635,Douglas,Dumigan,90-8681225,564-46-6819,3,2,,20,45,367
636,Natalya,Bothe,90-1096352,358-31-2689,2,2,,13,39,
637,Holden,Beakes,08-9662057,740-74-9799,3,1,,28,35,113
638,Margot,Ingolotti,91-4364589,663-75-6358,2,2,,16,35,
639,Wanda,McMaster,04-4049511,356-28-6548,3,1,,30,49,254
640,Dannel,Portail,29-9228344,506-60-3664,1,2,73792,,,
641,Merill,Bruneau,56-7227496,135-08-3500,3,2,,22,45,214
642,Gregorius,McPhilemy,31-8741938,771-21-7844,3,1,,28,49,362
643,Kailey,Targett,86-1522687,389-96-8662,1,2,68023,,,
644,Audrie,Sanderson,48-8585854,141-48-5021,1,1,53638,,,
645,Victoir,Masey,34-9314164,445-98-9722,1,1,74031,,,
646,Baillie,Yellowlees,32-7113342,229-84-2995,1,1,53666,,,
647,Yettie,Pallas,43-9640587,492-88-5500,2,2,,16,45,
648,Tana,Eadmeads,31-9063860,464-70-4079,1,2,71934,,,
649,Arnaldo,Kendell,88-3235666,771-75-3866,3,2,,26,44,355
650,Deane,Goodliff,36-3032903,536-96-0238,2,2,,10,34,
651,Bronson,Kippins,72-4186181,879-65-6996,1,2,79172,,,
652,Marylynne,Hazeldene,59-8091962,754-15-9610,1,1,54789,,,
653,Paige,Mecchi,01-5472186,101-05-1012,2,2,,20,50,
654,Reggis,Blazic,72-7278981,395-69-3086,2,1,,11,40,
655,Hanny,Yurevich,67-4491082,459-90-4810,2,2,,17,32,
656,Conny,Sutliff,84-4484253,404-07-5243,2,1,,19,46,
657,Claudia,Bourhill,17-0800966,677-38-2687,2,2,,11,43,
658,Elora,Deniscke,02-0084731,420-09-1983,2,2,,15,47,
659,Megan,Parriss,23-0960702,462-03-8240,1,2,66391,,,
660,Ab,Schustl,85-2416826,224-86-4958,3,1,,26,39,300
661,Deane,Le Huquet,46-3577467,686-60-8283,3,1,,27,41,138
662,D'arcy,Aulsford,52-5602906,573-47-3931,2,1,,20,33,
663,Eirena,Goodall,06-0989054,857-45-9873,3,2,,20,36,127
664,Wilbur,Nolda,35-2209092,351-48-0380,1,1,51527,,,
665,Hamid,Hawkings,72-6795049,638-33-0087,3,1,,20,41,219
666,Reider,Hurche,00-3082533,803-88-2853,2,1,,18,36,
667,Willyt,Bebb,69-4420093,442-23-0857,2,1,,13,34,
668,Alaster,Lukehurst,07-4390628,474-73-3969,2,1,,15,33,
669,Wallie,Hadland,20-4757109,196-84-2853,3,2,,25,30,281
670,Lonnie,McClifferty,99-7509278,681-21-6665,1,2,55059,,,
671,Cookie,Stainbridge,04-0503474,349-08-7659,1,2,66604,,,
672,Klaus,Lowrie,25-2442210,355-21-8255,1,2,71906,,,
673,Ursala,Janiszewski,78-1804493,210-50-5809,1,1,53298,,,
674,Mariquilla,Enric,16-0817859,872-10-6357,2,2,,15,34,
675,Conney,Keates,45-4993374,216-83-4557,1,1,60407,,,
676,Nancy,Wackley,61-9080537,187-52-2687,2,1,,15,41,
677,Maribelle,Dossit,18-0832510,189-65-0128,2,2,,14,42,
678,Julita,Ruselin,00-5529451,543-74-6636,1,2,50872,,,
679,Orelee,McMillam,68-2154744,293-32-4447,1,2,70952,,,
680,Dare,Cockrill,01-7232758,739-76-0992,1,2,65773,,,
681,Mollee,Quinnet,16-8788405,234-28-2315,1,2,77923,,,
682,Adara,Tudball,15-2058198,376-52-6445,1,1,55045,,,
683,Ervin,Yanson,88-1430135,706-01-3804,2,1,,10,50,
684,Amory,McGuiness,24-6043082,434-49-1866,3,1,,30,33,390
685,Jerald,Heaney,31-9351122,249-58-6385,3,1,,20,40,239
686,Fonz,Moxsom,52-4445564,106-71-1539,3,2,,26,34,336
687,Augy,Britian,67-0252847,764-34-8588,3,1,,23,32,136
688,Robert,Notley,20-7806840,752-09-4698,2,1,,15,34,
689,Neall,Sugge,88-1815370,712-11-2378,2,1,,14,38,
690,Edwina,Abate,64-7435701,234-83-6746,2,1,,14,50,
691,Aveline,Flye,24-6605363,778-42-0091,3,2,,22,49,118
692,Amelita,Skentelbery,98-3002445,891-32-5055,3,1,,23,34,214
693,Zahara,Neath,33-4865904,549-39-0261,1,2,65269,,,
694,Elmer,Pitney,60-1974393,256-97-3526,2,1,,14,39,
695,Boony,Ovesen,35-8569303,607-90-2200,2,2,,16,42,
696,Christel,Tousey,07-8552019,233-86-4319,3,1,,24,35,138
697,Orella,Mineghelli,92-9303541,190-57-6529,1,2,52366,,,
698,Cacilie,MacCoughan,98-8606087,760-10-9415,3,2,,21,31,418
699,Paulita,Powner,99-6757749,860-63-3666,3,2,,21,50,230
700,Ara,Feighry,29-5521088,614-39-8395,2,2,,18,47,
701,Terra,Olyet,24-3933706,296-89-7747,3,2,,27,32,111
702,Yorke,Danilenko,73-0151305,530-87-9885,2,2,,11,47,
703,Jon,Greene,42-6789486,486-19-7645,2,1,,11,42,
704,Clemens,Mammatt,31-4894122,505-16-1334,2,2,,13,38,
705,Liane,Verheyden,36-8441144,155-91-1540,2,2,,10,48,
706,Dion,Divina,17-5530685,462-48-4859,1,1,75510,,,
707,Eirena,World,19-9219215,745-62-9967,3,1,,20,37,373
708,Mervin,Ehrat,98-7034664,614-40-5229,2,2,,14,44,
709,Gayelord,Goosnell,54-0331894,403-52-4667,2,2,,17,47,
710,Irvin,Keepence,50-0728571,834-11-7497,1,2,64839,,,
711,Anjanette,Thorius,12-0732258,709-15-4946,2,1,,17,41,
712,Roslyn,Fallis,70-6097661,256-08-1665,2,2,,16,41,
713,Costa,Willerson,56-2520267,890-23-6325,3,2,,26,32,275
714,Kippie,Arend,31-2244473,299-54-5255,3,1,,28,36,191
715,Myrna,Van der Baaren,16-9178075,788-62-3619,2,1,,19,37,
716,Graham,Tomenson,38-4720424,113-20-2187,1,1,52484,,,
717,Gertrude,Glencorse,42-2802401,195-93-2237,3,2,,23,34,293
718,Wolfgang,Duffrie,31-4069670,301-84-9094,2,2,,18,37,
719,Marja,Thornthwaite,40-6376655,104-20-4381,1,2,78536,,,
720,Gabriela,Eskrick,56-7471869,302-66-3925,1,1,65122,,,
721,Johanna,Moan,39-1191299,741-95-3394,3,2,,23,48,468
722,Cassi,Lorkin,63-1689356,127-80-8733,1,2,68539,,,
723,Alberto,Catonnet,48-6107252,598-08-7878,1,1,74010,,,
724,Bobby,Schwaiger,60-2656537,145-99-4642,2,1,,20,36,
725,Horten,Jimmes,83-1866821,725-12-4113,3,1,,29,42,497
726,Ax,Tale,50-6275942,697-16-3508,3,2,,21,50,144
727,Marcelle,Beer,64-7524764,512-52-6233,1,2,72180,,,
728,Baron,Milch,82-9000142,403-95-2488,3,1,,30,48,411
729,Leroy,Zamora,06-5967213,763-58-1234,2,1,,20,37,
730,Galvin,Atyeo,14-6296187,562-65-4280,1,1,58238,,,
731,Meara,Mercey,46-8705883,597-31-1234,2,1,,12,44,
732,Iolande,Elmhurst,93-7472499,873-74-2735,2,2,,16,46,
733,Parrnell,Colwell,80-6819600,425-56-2740,1,1,67471,,,
734,Barnett,Loftus,89-2042528,233-18-0332,2,2,,13,48,
735,Marianne,Verrill,57-2590451,665-74-8963,3,1,,27,34,115
736,Joly,Heindle,75-9568914,412-50-6578,3,2,,24,39,100
737,Zuzana,Bradberry,67-6975137,876-89-4327,3,2,,21,32,124
738,Oona,Blakeway,60-0145622,220-05-7753,3,1,,29,39,326
739,Jenica,Beazley,04-9911075,686-41-7585,3,2,,20,35,481
740,Deedee,Valder,25-5724418,470-74-9232,1,2,59012,,,
741,Ariel,Gerry,16-2256977,134-59-1796,1,1,76600,,,
742,Colly,Maypes,38-2923045,318-73-1932,3,2,,20,32,140
743,Hillyer,Linham,44-7270745,806-48-8294,3,2,,25,30,459
744,Emelda,Guyet,12-5080144,468-60-0773,3,1,,22,35,465
745,Jimmy,Van Rembrandt,12-3187189,269-69-9912,2,2,,10,43,
746,Nil,Cassey,01-7966714,484-95-0613,1,1,66056,,,
747,Layton,Haggerty,31-8414394,881-28-1997,1,1,66260,,,
748,Conway,Cutridge,44-4122141,112-18-1167,1,2,71639,,,
749,Boyce,Clooney,80-5890817,459-96-5372,2,2,,11,32,
750,Faythe,Leall,16-9026726,248-16-7360,1,1,51505,,,
751,Geraldine,Briscoe,62-9601997,353-39-7711,1,1,77342,,,
752,Bambie,Weigh,66-4388725,552-79-4172,2,1,,12,38,
753,Pennie,McOmish,71-9217424,484-74-1877,2,1,,16,41,
754,Bliss,Boraston,88-8682292,553-47-2158,1,2,65036,,,
755,Skell,Cheater,65-8854428,146-74-1316,3,1,,27,48,303
756,Mabelle,Bewick,10-0494818,276-48-8286,2,1,,16,41,
757,Raul,Winston,84-8849276,498-51-2692,2,2,,15,33,
758,Si,Deppe,95-0567608,359-54-1766,2,2,,19,31,
759,Timofei,Halahan,82-3531269,166-83-3665,3,2,,22,42,333
760,Maison,Marling,61-4322137,760-72-7008,2,1,,16,38,
761,Savina,Zmitrichenko,77-9049066,892-30-3836,1,2,56129,,,
762,Blake,Besnardeau,06-5941675,665-25-4518,1,2,73573,,,
763,Loretta,Danet,32-6316394,612-27-5965,2,1,,15,31,
764,Lynette,Chapelhow,74-9998112,366-64-3846,3,2,,28,41,118
765,Malory,Islep,68-3201072,846-60-4948,3,1,,21,47,183
766,Lenette,Blaszczak,40-5316774,849-43-8181,1,1,76237,,,
767,Edita,Ingold,94-2542394,138-63-4995,2,1,,18,45,
768,Brana,Crate,88-8824970,283-74-7278,1,1,77236,,,
769,Gawen,Guerreru,93-6297940,329-50-7071,1,1,64523,,,
770,Miguela,Copson,10-9496609,701-21-9192,3,2,,29,33,233
771,Allianora,Alcalde,58-6243897,415-74-7614,3,1,,28,50,234
772,Katie,Airth,97-8674714,206-56-1652,3,2,,26,40,356
773,Leshia,Grinsted,57-9909372,445-58-8775,3,2,,27,44,220
774,Sybyl,Stidever,28-2811531,380-01-7341,1,2,54861,,,
775,Brietta,Stanistrete,92-4822156,835-48-3173,1,2,59380,,,
776,June,Scuffham,34-2130770,426-09-9407,2,2,,16,38,
777,Tobye,Bavister,28-7025190,880-07-9120,1,2,50434,,,
778,Lisbeth,Gudger,48-1403135,692-98-3149,2,1,,18,43,
779,Goldina,Didsbury,09-1321941,591-54-8640,1,2,76340,,,
780,Molli,Bleackly,69-1516338,842-49-9071,1,2,74723,,,
781,Nicholle,Treleaven,48-0902275,287-64-3389,3,1,,21,33,479
782,Mord,Whipp,95-5284805,443-86-0410,1,2,56815,,,
783,Bil,Overpool,04-6028780,572-82-7839,2,1,,11,31,
784,Vale,Gatrill,98-7442690,643-50-5813,1,1,62560,,,
785,Raine,Edmett,86-4928242,691-48-3902,3,1,,30,44,151
786,Jamie,Mapham,11-1683694,892-47-6745,1,2,75538,,,
787,Alard,Sharpous,49-3419781,701-08-4477,2,1,,17,41,
788,Gherardo,Povah,72-1192787,730-28-4718,1,2,62421,,,
789,Starla,Mundle,19-1608965,587-30-1775,2,1,,10,50,
790,Hugibert,Jaulme,84-3472780,514-73-0301,3,2,,24,39,154
791,Latrena,McElvogue,86-9288490,173-91-8576,1,1,61292,,,
792,Joellen,Dellenbach,68-9507238,683-04-0967,1,1,55978,,,
793,Leticia,Gonzales,97-8782764,579-52-1394,1,2,64651,,,
794,Rourke,O Sullivan,46-6131902,379-09-3096,1,2,50721,,,
795,Adams,Memory,75-0138056,855-90-4273,3,2,,26,36,314
796,Nanci,Budd,61-1183247,318-30-4169,3,1,,29,49,397
797,Lishe,Meni,40-2501879,714-72-6410,1,1,78179,,,
798,Finley,Buddle,70-1133989,471-32-2800,3,2,,26,44,202
799,Mallissa,Hostan,65-0098038,652-21-2230,3,1,,27,38,439
800,Etta,M'Quharge,28-0124990,823-47-7029,3,1,,29,48,465
801,Eldredge,Greser,26-0191545,185-30-5170,1,1,74583,,,
802,Ibrahim,Circuit,21-8874552,125-48-9621,1,2,63983,,,
803,Keelby,Cuckoo,58-1097044,438-93-9766,1,1,61983,,,
804,Theresina,Row,11-4971658,671-99-0775,1,1,76140,,,
805,Corine,Eykelhof,64-3281805,823-68-5677,2,1,,12,42,
806,Sharron,Hedman,81-5187431,590-28-7179,2,1,,17,45,
807,Dyana,Seakings,85-2860452,233-19-9088,3,1,,22,41,124
808,Demetris,Marsh,71-2888617,515-76-0744,1,2,56407,,,
809,Evelyn,Ambrosi,88-2867317,745-49-6144,3,2,,20,47,362
810,Annabela,Coxwell,63-6266711,112-49-8530,3,2,,28,42,115
811,Tara,Dubock,97-5353981,611-81-1719,1,2,68193,,,
812,Emmey,Ropkins,63-8829802,159-13-6486,2,2,,12,31,
813,Merrie,Gribbell,60-3041060,783-90-0749,2,1,,11,42,
814,Corinne,Cobb,06-2406215,567-23-9290,1,1,62678,,,
815,Lesley,Vawton,63-7864295,468-54-0675,3,2,,25,46,357
816,Ricardo,Sweeney,31-8937342,836-96-6105,2,1,,17,46,
817,Giffer,Mannock,31-0065720,258-62-2398,1,1,71670,,,
818,Hermann,Dumbreck,93-9980596,335-20-0116,1,1,79191,,,
819,Ardelle,Klaaasen,27-2789824,384-55-3375,2,1,,13,44,
820,Analiese,Culligan,70-9210638,155-85-9917,1,1,66762,,,
821,Derry,Castana,88-5053323,645-61-6369,3,1,,26,31,242
822,Ado,Yuryshev,82-3567897,122-74-5353,3,2,,26,35,217
823,Westbrook,O'Carrol,88-2368845,640-71-7000,2,2,,14,34,
824,Legra,Fullerd,96-1481438,165-99-4082,3,1,,21,37,500
825,Kissee,Hyams,98-5461189,860-50-6473,3,2,,25,39,235
826,Orella,Vance,17-7290949,264-27-5066,1,2,74942,,,
827,Mira,Poupard,53-1843857,823-28-7921,2,2,,16,42,
828,Agnes,Romer,79-7815479,890-68-0026,2,2,,12,48,
829,Toddie,Rawstron,45-4483675,594-61-0734,3,2,,30,38,339
830,Madel,Warburton,66-8563932,794-68-0366,1,2,74796,,,
831,Deana,Garie,01-8278607,641-11-7944,2,2,,10,45,
832,Ario,Stode,33-8874052,158-22-0360,3,2,,24,39,254
833,Sheeree,McComas,05-0064968,453-79-9413,3,2,,24,45,191
834,Jesselyn,Janson,70-1594452,706-66-6307,2,1,,14,35,
835,Conant,Wretham,27-6734053,526-16-3740,1,1,50439,,,
836,Cynthie,D'Agostino,39-5932858,877-62-4151,1,2,77962,,,
837,Laney,Motton,13-7682804,181-83-9797,3,1,,22,39,187
838,Alyda,St Ange,94-2167173,327-85-7078,3,1,,21,42,419
839,Brewer,Sweetenham,01-1628222,223-25-4900,1,1,64690,,,
840,Clifford,Fairbrass,22-4516788,664-09-6505,1,2,67406,,,
841,Sherline,Mollon,88-9485534,835-54-1414,2,2,,18,49,
842,Annabell,Stichel,40-4557734,874-61-2120,2,2,,10,48,
843,Ilyssa,Feldheim,67-2623569,572-95-0078,1,1,62878,,,
844,Ann-marie,Oret,77-1295860,118-36-1620,1,2,66754,,,
845,Susann,Waison,28-5651224,501-42-0557,1,2,68594,,,
846,Yettie,Gingles,11-0979897,628-88-0224,1,2,60805,,,
847,Whitney,Wozencroft,46-6550669,470-82-8404,2,1,,16,40,
848,Fredericka,Peaddie,95-7965766,527-48-3681,3,1,,21,40,343
849,Clem,Stroder,02-1010307,397-03-3950,1,1,73293,,,
850,Caty,Tomini,81-4605035,759-27-2902,2,1,,17,44,
851,Gaby,Chalfain,11-4820506,353-37-2677,1,1,74309,,,
852,Matthias,Trippack,09-1620660,337-62-0095,1,1,72008,,,
853,Brenden,McGragh,38-9154466,685-52-3435,3,2,,25,44,173
854,Doyle,Jaqueme,58-4478293,512-48-2931,3,1,,24,44,212
855,Fabian,Dumphy,40-3494403,544-44-7776,3,1,,20,37,186
856,Elyn,Gribbin,72-9134209,714-59-7407,3,1,,21,35,203
857,Jedediah,Billsberry,39-8384594,840-95-9828,3,2,,23,40,206
858,Helsa,Tschierasche,86-1014883,483-45-8059,2,2,,14,48,
859,Frankie,Fusco,01-2905292,564-94-6443,2,1,,10,31,
860,Darius,O' Donohoe,13-7306713,853-29-9362,1,2,64670,,,
861,Whitman,Kobes,79-5433107,222-29-4160,1,2,55895,,,
862,Marsha,Conen,17-4122468,722-63-7657,2,2,,20,35,
863,Anni,Burnett,72-0769449,295-28-7948,1,2,54954,,,
864,Ingeberg,Necolds,78-0701528,757-97-6158,2,1,,11,36,
865,Lissy,Durran,37-2040623,404-44-7398,3,1,,21,34,434
866,Brier,Harrald,18-3685121,794-93-4635,2,1,,19,43,
867,Buckie,Beauvais,41-3638742,166-63-7482,1,2,73880,,,
868,Stuart,Kilvington,97-4678319,452-92-4277,2,2,,18,33,
869,Maximilian,McGiffie,73-2795611,510-67-2345,2,2,,18,42,
870,Benedicto,Cattanach,39-9278492,348-80-6388,1,1,68339,,,
871,Pam,Sabine,75-7190675,353-22-3443,2,1,,17,32,
872,Rikki,Nelthorpe,87-4032742,897-23-2040,3,2,,29,38,435
873,Jocelyn,Ughini,89-6897917,283-62-4769,3,1,,28,34,197
874,Emmeline,Quin,09-5274692,472-69-6119,2,2,,12,42,
875,Alfie,Roncelli,76-5029482,678-58-6912,2,1,,18,47,
876,Talia,Cuvley,54-7604519,859-91-7534,3,2,,28,30,497
877,Prue,Brownett,13-5258756,626-05-5575,3,1,,21,38,124
878,Sherlocke,Attoc,97-1437624,594-54-6482,2,2,,12,43,
879,Ezechiel,Wildey,22-1848753,146-96-2561,1,1,58128,,,
880,Rutger,Leeb,40-6974502,767-44-4973,2,1,,12,35,
881,Lorita,Shrieves,09-3480714,683-30-1047,1,2,68030,,,
882,Vivienne,Salkild,68-0022104,105-60-9916,1,1,60443,,,
883,Verine,Ingray,11-2978238,355-61-1048,3,2,,20,38,426
884,Cad,Jillions,46-3323748,789-10-5117,1,2,53111,,,
885,Torrence,Jelkes,20-3375511,523-60-2965,2,1,,18,48,
886,Janetta,Buddell,31-1927876,899-17-6137,1,2,60832,,,
887,Jeannine,Jordine,79-1194316,514-15-2061,2,2,,12,48,
888,Nanni,Rosenbaum,89-5951376,791-19-0059,1,2,61166,,,
889,Wain,Golagley,68-9666265,272-45-0226,1,2,64570,,,
890,Alane,Coalbran,45-0843327,507-89-0054,2,1,,12,41,
891,Rhianna,Waghorn,89-6948379,527-46-3154,1,1,64004,,,
892,Tamra,Aldhous,57-3622500,724-09-1785,3,1,,30,36,198
893,Erminie,Simony,45-7958100,371-28-9439,1,2,73615,,,
894,Alejandro,Cotmore,17-7922455,140-12-4792,2,2,,18,38,
895,Salomi,Keeler,81-8851380,879-56-4027,3,1,,26,48,244
896,Miguelita,Corderoy,92-6594848,327-70-0078,1,2,68333,,,
897,Tara,Fronzek,61-7283950,145-72-3470,2,1,,10,32,
898,Megen,Yetman,37-1160179,350-05-3864,2,1,,10,31,
899,Ilse,Izkovitz,91-9366826,256-93-9390,3,2,,30,31,142
900,Concettina,Pinch,20-4450798,797-34-7833,2,1,,12,34,
901,Patsy,Jouannot,47-4172145,193-56-9058,2,1,,20,48,
902,Gill,Hartridge,18-9098692,832-88-5717,2,1,,13,32,
903,Cobb,Laminman,38-8685121,702-51-3029,2,1,,17,33,
904,Alicia,Charkham,42-4652026,203-39-7070,1,2,73461,,,
905,Jerrilyn,Boughen,43-1338797,143-98-7051,2,1,,13,30,
906,Kandy,Enion,95-4729044,228-10-6366,1,2,52165,,,
907,Earlie,Cluett,97-1574449,176-96-9032,2,2,,12,43,
908,Tabbatha,Fossick,02-1188099,630-01-0685,2,1,,18,33,
909,Magnum,Wane,26-5496657,601-90-2505,3,1,,23,35,493
910,Marty,Leary,16-0548554,307-18-0781,2,2,,16,31,
911,Kissie,Spilisy,54-7771106,884-71-6744,1,1,52783,,,
912,Analise,Turvie,78-9767260,625-18-6826,2,2,,17,39,
913,Noel,Thunderman,58-6928740,701-31-6008,3,2,,29,40,402
914,Hailey,Stuckley,57-5386751,160-72-7625,2,1,,10,40,
915,Jyoti,Kondratovich,11-4349966,213-67-0323,3,2,,23,34,359
916,Bertie,Epinoy,04-7500301,724-26-9224,3,2,,23,31,437
917,Hugibert,Simak,60-7483268,290-61-1763,3,1,,26,31,306
918,Olvan,MacAvddy,95-1947780,651-65-8931,3,1,,21,30,299
919,Vida,Littley,33-0526693,314-80-7388,3,1,,26,32,242
920,Bel,Loughney,05-9495586,863-94-9496,2,1,,17,30,
921,Pauly,McAline,68-4427606,487-43-8475,1,1,53324,,,
922,Leopold,Kolis,54-7202518,466-77-5391,2,1,,11,36,
923,Papagena,Battista,02-1231452,566-85-6035,1,2,61516,,,
924,Row,Maundrell,27-0721274,175-53-1485,2,2,,14,40,
925,Farica,Tinman,88-2771912,565-23-7166,1,2,53566,,,
926,Cyrill,Yerrill,22-0807863,434-21-5033,2,1,,13,36,
927,Ethelred,Cecere,15-2472005,108-80-0036,2,2,,10,34,
928,Alika,Goulden,74-4082562,407-33-5682,1,2,78249,,,
929,Shirlene,Kurdani,14-5311255,429-77-2282,2,1,,13,35,
930,Thadeus,Tidbald,27-7778634,701-93-7419,3,1,,20,43,444
931,Darell,Branchett,17-0550433,278-84-6704,3,1,,23,49,312
932,Gaspar,Glasscoe,14-6654508,372-48-7996,3,2,,27,35,494
933,Myer,Pinckstone,17-4525127,161-70-3311,1,1,67800,,,
934,Ashil,Gerhartz,53-6581669,812-18-6974,3,1,,24,50,108
935,Sharl,Mayoh,97-0254382,489-11-6581,3,2,,22,33,152
936,Paulo,Guiducci,94-5471577,116-57-4981,1,1,60562,,,
937,Jobyna,Petschelt,94-6565804,688-49-0820,3,1,,21,41,404
938,Tarah,Sallowaye,30-0324147,434-69-4564,1,1,53880,,,
939,Delila,Bousquet,50-8285302,513-53-9230,2,1,,16,44,
940,Hyman,Gulvin,85-6683424,245-13-4338,3,2,,25,39,198
941,Jolee,McGee,59-6620496,767-76-4368,1,1,63417,,,
942,Colene,Normanvill,14-2292952,607-57-5773,3,1,,30,50,498
943,Robin,Sarjeant,15-4162969,309-73-7096,1,1,67895,,,
944,Alison,Pohls,12-9187431,180-94-7071,3,2,,21,45,242
945,Chaim,Gonsalvo,46-5139253,630-36-5844,2,2,,18,32,
946,Ermentrude,Hackly,80-6975531,233-45-5793,3,1,,30,32,328
947,Oswald,Smurfitt,39-4023434,802-65-7178,2,2,,17,36,
948,Walliw,Bondley,24-3733580,625-90-3346,3,2,,26,49,195
949,Ginnifer,Caudelier,54-2065688,425-12-1153,2,2,,11,46,
950,Lynett,Randlesome,16-0098819,702-97-5731,2,2,,18,38,
951,Bendix,Ghirardi,50-3581080,837-79-3524,3,2,,22,36,376
952,Reynold,Tripcony,99-4639976,373-78-2797,1,1,60147,,,
953,Lyon,Beverstock,34-7726601,627-66-5877,3,1,,22,47,255
954,Moise,Orrom,30-3182089,582-34-3116,3,2,,24,35,379
955,Gard,Wales,19-5178955,220-99-8807,1,2,60526,,,
956,Mikaela,Sotham,64-0425746,896-39-6710,3,2,,30,39,496
957,Frazer,Lamartine,09-8314321,294-47-9660,3,2,,23,34,224
958,Claude,Duham,61-4607517,811-37-4284,2,1,,10,48,
959,Jena,Kelleher,74-2295319,174-58-9724,2,2,,18,33,
960,Willow,Fincken,35-3327373,147-92-3844,2,2,,14,39,
961,Tirrell,Worsalls,83-9145479,174-77-1967,3,2,,25,48,314
962,Alanson,Kelsall,94-9574031,363-08-4723,2,2,,14,45,
963,Ody,Badgers,17-2261418,314-70-7112,2,2,,12,36,
964,Dorise,Lane,06-6997124,585-63-0136,3,1,,28,34,164
965,Karalynn,Ware,89-0156321,179-39-5035,1,1,67045,,,
966,Hildagarde,Kybird,27-8424284,493-98-3107,1,2,78727,,,
967,Arleta,Muttock,48-1424184,405-17-7283,3,2,,24,38,390
968,Lusa,Storer,59-8224844,330-58-4330,3,1,,27,47,443
969,Ingeberg,Rasher,11-7692819,896-36-2669,2,2,,17,34,
970,Bianca,Gleed,30-0678207,898-52-8941,3,2,,27,49,131
971,Frans,Bestwall,17-5941406,531-40-4934,1,2,70140,,,
972,Dionysus,Rochewell,37-5464554,747-60-0448,2,2,,11,40,
973,Robin,Oldrey,66-6818335,421-03-4322,3,2,,26,34,243
974,Francisco,Martinet,05-4145330,265-91-3677,2,2,,20,49,
975,Granville,Haddrill,57-7487441,478-77-4239,2,1,,11,49,
976,Holli,Celez,80-8307496,282-36-9165,1,2,77468,,,
977,Alonzo,Every,37-4076881,889-12-9101,3,2,,21,44,268
978,Evangelin,Mitchinson,30-9416983,372-39-5784,1,1,66091,,,
979,Agnesse,Sturton,48-0412330,633-71-9529,3,2,,29,42,478
980,Ingamar,Cliburn,66-1351432,664-60-1976,3,1,,20,35,273
981,Lorenzo,Ysson,07-5676252,592-93-4670,3,2,,23,49,253
982,Noe,Dauby,44-0391031,187-07-0966,3,2,,25,39,352
983,Adrienne,Richemont,30-9313722,285-58-8367,3,2,,23,44,477
984,Katy,Huskinson,58-3111755,695-55-1006,3,2,,20,39,420
985,Lura,Molder,83-0103587,197-64-8402,1,1,51087,,,
986,Rhianna,Mantripp,89-5550563,261-09-5757,1,1,70081,,,
987,Adena,Beagley,44-6526394,334-13-2392,2,2,,17,31,
988,Melesa,Halversen,46-0486087,822-11-3830,1,1,62236,,,
989,Belva,Gibke,74-7166680,856-51-6286,2,1,,17,35,
990,Ben,Enoch,43-9806548,153-36-3984,3,2,,23,40,202
991,Lorri,Fieldhouse,66-6267738,453-41-4908,1,1,75242,,,
992,Marielle,Dance,05-5312308,561-03-6507,3,2,,28,39,249
993,Trevor,Sausman,84-2400441,196-72-0377,1,2,64368,,,
994,Nelson,Airdrie,11-3588376,821-29-1801,2,2,,16,32,
995,Trever,Cyster,39-8246688,321-39-3446,3,2,,20,43,477
996,Veda,Dalli,18-0378418,735-91-9881,3,2,,20,40,241
997,Felice,Wawer,22-1995290,163-97-9880,3,2,,28,50,136
998,Gearard,Dansey,54-7018428,103-08-4514,3,2,,27,45,173
999,Matthew,Ames,15-8138803,410-82-2290,1,2,55243,,,
1000,Naoma,Shorland,60-6701179,534-55-6465,3,1,,23,50,486
